experiment_name,classifier,accuracy,precision,recall,f1
baseline,rf,0.5578947368421052,0.5502670371110294,0.5578947368421052,0.5492780565364717
baseline,svm,0.5242105263157895,0.5193611554497164,0.5242105263157895,0.5006106428119151
baseline,knn,0.5128947368421053,0.5037489689193674,0.5128947368421053,0.5025139505890956
